{
  "model_type": "linear",
  "intercept": 0.10557099394686006,
  "coefficients": {
    "pm25": 0.8001446356566453,
    "temperature": 0.20036958573444524,
    "humidity": -0.12138258756611975,
    "wind_speed": 0.4463020001315696,
    "hours_ahead": 0.49185283971259597
  }
}